{
  "project_info": {
    "project_number": "390576091039",
    "project_id": "baohongtaisan-2a741",
    "storage_bucket": "baohongtaisan-2a741.appspot.com"
  },
  "client": [
    {
      "client_info": {
        "mobilesdk_app_id": "1:390576091039:android:581743168925593edf17aa",
        "android_client_info": {
          "package_name": "com.example.baohongtaisan_2"
        }
      },
      "oauth_client": [
        {
          "client_id": "390576091039-d05pc6v0de4o2t0t4p91afehfvb7ggv4.apps.googleusercontent.com",
          "client_type": 1,
          "android_info": {
            "package_name": "com.example.baohongtaisan_2",
            "certificate_hash": "f8431e20d6b1f46338dcbbaa1f4d3bf68205bac9"
          }
        },
        {
          "client_id": "390576091039-ubdr4sg6lo3uh9i42ofl4npue6m2gctf.apps.googleusercontent.com",
          "client_type": 3
        }
      ],
      "api_key": [
        {
          "current_key": "AIzaSyBbuBS_jS4xNvyHBe1xr6Lb_xYzd40UGgg"
        }
      ],
      "services": {
        "appinvite_service": {
          "other_platform_oauth_client": [
            {
              "client_id": "390576091039-ubdr4sg6lo3uh9i42ofl4npue6m2gctf.apps.googleusercontent.com",
              "client_type": 3
            }
          ]
        }
      }
    }
  ],
  "configuration_version": "1"
}